customer_id,churn_probability,churn_prediction
767114958,0.001106,0
708123033,0.001312,0
715424283,0.003219,0
717865008,0.000222,0
710188308,0.000996,0
716574033,0.001708,0
713183508,0.00084,0
718583133,0.003038,0
783554958,0.002444,0
714418158,0.00119,0
710061783,0.999084,1
716225433,0.001917,0
788327358,0.00128,0
714847983,0.000235,0
720031908,0.000644,0
713700258,0.000451,0
721265883,0.002154,0
715321008,0.999028,1
717831783,0.000479,0
711480108,0.024524,0
797638383,0.000141,0
709950858,0.000991,0
717060858,0.998617,1
716045508,0.052862,0
787482033,0.983263,1
719601708,0.000957,0
717683583,0.000602,0
813905508,0.007996,0
769985883,0.117946,0
718927533,0.002976,0
784868958,0.003051,0
787539333,0.00124,0
789871233,0.000169,0
826061508,0.002946,0
716354883,0.994697,1
717678408,0.013317,0
715341858,0.002778,0
713003358,0.993477,1
713374533,0.000523,0
709985133,0.002556,0
771204108,0.000281,0
713758758,0.000445,0
709453833,0.001324,0
713227233,0.00048,0
714967233,0.902148,1
714358008,0.003395,0
779514558,0.000728,0
794498733,0.001542,0
793015083,0.00024,0
789212883,0.999311,1
718677858,0.001437,0
713675658,0.004309,0
719523108,0.009347,0
708390633,0.003215,0
715098333,0.000607,0
712060158,0.005191,0
716831508,0.004466,0
778172583,0.00461,0
789430083,0.000601,0
709996833,0.978931,1
708890133,0.01177,0
773332908,0.000656,0
715870758,0.002409,0
789363408,0.000469,0
779118708,0.00063,0
710544033,0.000124,0
717500133,0.00078,0
712046808,0.998059,1
815484783,0.001272,0
713843283,0.001823,0
717260058,0.012179,0
773383158,0.00042,0
711041508,0.004902,0
816843933,0.000643,0
715043508,0.01026,0
717241233,0.000387,0
717521508,0.001768,0
708331758,0.00046,0
715571583,0.001974,0
711146358,0.002681,0
789594108,0.000544,0
779327733,0.000712,0
711391308,0.000493,0
718994583,0.002103,0
718212633,0.002282,0
711861258,0.001337,0
718123608,0.002942,0
718958583,0.987006,1
772207683,0.00725,0
719629308,0.971771,1
708303108,0.007795,0
788957358,0.004597,0
708727983,0.002622,0
714217908,0.042897,0
708928908,0.025212,0
712411908,0.001262,0
771075258,0.002184,0
717866133,0.008298,0
713652783,0.018396,0
714076683,0.999413,1
803963808,0.002422,0
778968408,0.000983,0
720064158,0.000613,0
778921908,0.001166,0
770878458,0.000388,0
786087633,0.000619,0
788752833,0.015006,0
766006758,0.001854,0
710342508,0.001058,0
711422358,0.00152,0
778574283,0.000782,0
709987683,0.999789,1
821168733,0.001164,0
717765183,0.000482,0
708723858,0.002838,0
720618033,0.001491,0
718899708,0.004781,0
716437533,0.005113,0
717491058,0.000626,0
711029358,0.026119,0
716768808,0.000687,0
801056358,0.000142,0
779210283,0.000747,0
718441308,0.000432,0
713241033,0.036211,0
711064008,0.04764,0
772137183,0.998067,1
788739633,0.990691,1
708953883,0.993098,1
716549058,0.022648,0
824789283,0.000399,0
788252358,0.000341,0
819752133,0.000285,0
716944983,0.021045,0
716545383,0.094933,0
720836808,0.00023,0
783361533,0.000724,0
710893533,0.004229,0
709793133,0.002765,0
716609433,0.980713,1
715222533,0.987379,1
713597658,0.972594,1
720837708,0.001068,0
786546783,0.056193,0
778747608,0.000667,0
801385458,0.000209,0
720844008,0.000381,0
754443033,0.995021,1
799486158,0.000452,0
798140283,0.020182,0
772036233,0.002263,0
711427458,0.414411,1
712727283,0.000465,0
710754933,0.993217,1
709938708,0.000243,0
710831133,0.108461,0
715570533,0.994446,1
794576058,0.000418,0
786557358,0.00331,0
708212658,0.003601,0
818993508,0.000508,0
718466883,0.000368,0
717085983,0.003539,0
709986633,0.000566,0
779348358,0.987554,1
752944533,0.024196,0
712340733,0.005488,0
814459833,0.006255,0
718373658,0.000137,0
771359958,0.005124,0
779198133,0.018974,0
788618208,0.001757,0
712288158,0.00368,0
711838008,0.990792,1
710202783,0.000758,0
771976683,0.005339,0
716176683,0.000756,0
711278283,0.017043,0
715019883,0.001698,0
720292983,0.001922,0
716498883,0.002402,0
713798958,0.00072,0
716939358,0.00055,0
709005633,0.984715,1
795573333,0.000103,0
771069033,0.000219,0
801709308,0.005081,0
716345283,0.001626,0
714835833,0.000897,0
779783508,0.000724,0
825767658,0.000428,0
717575958,0.993418,1
720753183,0.004125,0
711766758,0.021258,0
711397533,0.004663,0
767058183,0.021901,0
788864508,0.002392,0
778377183,0.000868,0
710844408,0.001229,0
714919308,0.994373,1
708874533,0.997697,1
778356408,0.003293,0
769035933,0.002908,0
771228183,0.000335,0
772539558,0.02455,0
714045783,0.997159,1
809797158,0.002388,0
719531133,0.004241,0
719192808,0.000863,0
720662508,0.001624,0
820848408,0.000161,0
712412958,0.002645,0
778984383,0.000401,0
712865583,0.000364,0
819997983,0.002027,0
718301508,0.002086,0
789197508,0.014585,0
809459733,0.00532,0
813901458,0.000347,0
772360683,0.041515,0
779725833,0.000508,0
712996833,0.004804,0
779681433,0.952569,1
787591008,0.000175,0
712642533,0.000465,0
721051908,0.000612,0
715503558,0.011589,0
709841433,0.002901,0
710424408,0.006952,0
709592808,0.000158,0
788038383,0.048265,0
714363858,0.000774,0
815015283,0.006828,0
771336783,0.000393,0
738899658,0.994573,1
796170933,0.061632,0
720992883,0.002233,0
712238958,0.002408,0
718530258,0.001256,0
711794358,0.996488,1
716366208,0.000233,0
770038983,0.995109,1
709937583,0.002362,0
787623858,0.03588,0
711676008,0.111767,0
812218908,0.99755,1
720281508,0.003301,0
721139808,0.001785,0
709990983,0.003096,0
718244958,0.007278,0
756639708,0.00209,0
718645308,0.000372,0
717389433,0.013527,0
779310033,0.998768,1
717192933,0.002422,0
718379358,0.000213,0
779661033,0.000219,0
715880283,0.000967,0
719469333,0.000797,0
708974283,0.001696,0
789859833,0.003354,0
772339383,0.006853,0
716319258,0.00018,0
720330558,0.99868,1
789827208,0.001623,0
751450008,0.004328,0
789791808,0.000273,0
717321783,0.020469,0
712549758,0.001325,0
712470033,0.012082,0
719291283,0.001198,0
720413658,0.001029,0
709230708,0.035187,0
708384033,0.844375,1
715029333,0.003379,0
771040758,0.018682,0
711635358,0.000704,0
716604633,0.005012,0
716438433,0.007857,0
711216933,0.000371,0
713916708,0.003193,0
710106933,0.005599,0
806189658,0.000122,0
770632758,0.267859,1
789238683,0.018229,0
711873033,0.99739,1
720384633,0.004031,0
712181658,0.000596,0
714957108,0.000675,0
720247158,0.036702,0
772313358,0.000743,0
803652633,0.002419,0
771422883,0.997895,1
718009158,0.000208,0
712612233,0.00066,0
709901058,0.000156,0
716682258,0.000906,0
711478233,0.035244,0
720040158,0.002786,0
720212508,0.001042,0
787605558,0.000306,0
780557658,0.089767,0
709952658,0.000597,0
793379058,0.000386,0
716971833,0.004859,0
720997383,0.99391,1
827111283,0.001453,0
769396158,0.999238,1
820085808,0.003778,0
780349833,0.000567,0
715964058,0.002996,0
771903033,0.011525,0
802668333,0.997967,1
718504983,0.007945,0
714882258,0.000733,0
714211533,0.131716,0
720198183,0.00222,0
803587533,0.000335,0
720050208,0.001869,0
771058908,0.002782,0
708971583,0.011198,0
788812608,0.01289,0
805282908,0.000185,0
717403158,0.036006,0
718418958,0.998924,1
721374033,0.002418,0
710849208,0.000302,0
771823308,0.004149,0
719019483,0.008987,0
769927533,0.003858,0
718951683,0.000365,0
709666908,0.000494,0
719857008,0.000239,0
788709408,0.000504,0
710641008,0.00252,0
815812683,0.002379,0
717624708,0.998671,1
789398733,0.00041,0
716136333,0.992753,1
715162608,0.98944,1
710822808,0.002013,0
714147858,0.000696,0
767333808,0.003849,0
719654283,0.000311,0
766273533,0.007717,0
779601783,0.010027,0
711370458,0.000697,0
715519983,0.000235,0
788782008,0.032085,0
787595658,0.000419,0
758211483,0.001002,0
710637183,0.000324,0
712144158,0.963546,1
715378383,0.000267,0
771061008,0.982166,1
719583558,0.000264,0
810986883,0.005106,0
788797983,0.020908,0
815104608,0.005648,0
715369008,0.002677,0
713418558,0.021986,0
708332808,0.000485,0
719729433,0.001547,0
789022233,0.008123,0
714234858,0.000313,0
709170108,0.999366,1
779727558,0.00306,0
708245808,0.002252,0
778255083,0.000828,0
718755483,0.000629,0
712627083,0.77766,1
788990508,0.012665,0
804437658,0.020038,0
778430733,0.00175,0
808747233,0.996409,1
710555433,0.908233,1
708826158,0.000175,0
717023508,0.000601,0
719694408,0.901185,1
710014683,0.000852,0
815596608,0.000259,0
712721358,0.991141,1
716870583,0.017057,0
780076833,0.000695,0
793616883,0.002607,0
789105183,0.012189,0
817970208,0.01234,0
779844408,0.999263,1
719206308,0.006113,0
721269108,0.000434,0
772139433,0.00336,0
717042333,0.997098,1
710273658,0.000751,0
716626008,0.002582,0
716230158,0.000114,0
713010483,0.008712,0
711220683,0.000376,0
721398858,0.001288,0
779400183,0.005145,0
789964983,0.995005,1
715102308,0.000528,0
712730583,0.004356,0
718870158,0.031199,0
719484408,0.007031,0
720244983,0.000799,0
781306758,0.998279,1
779412783,0.00181,0
721217283,0.00426,0
815062383,0.014732,0
714155283,0.000457,0
716981358,0.000601,0
824915208,0.00035,0
708498033,0.984431,1
716860233,0.004531,0
709839858,0.000722,0
713144208,0.999191,1
708573933,0.000139,0
712579983,0.000451,0
790099758,0.040362,0
711305208,0.00075,0
720062508,0.998724,1
708205083,0.001017,0
772336458,0.998306,1
710986758,0.000283,0
789271533,0.00273,0
711360783,0.001424,0
714035283,0.993585,1
720415833,0.001247,0
778873608,0.002708,0
718661958,0.002827,0
719026383,0.008599,0
710229333,0.003575,0
720437358,0.069928,0
811467708,0.000668,0
778933983,0.013266,0
719413383,0.000985,0
718252533,0.955068,1
718188858,0.000488,0
711382458,0.994576,1
721212258,0.00042,0
717600483,0.007122,0
761544333,0.040073,0
809425533,0.004015,0
709678608,0.001664,0
713151258,0.005297,0
715345833,0.002894,0
720776508,0.001278,0
720689583,0.000613,0
801728658,0.003941,0
718979733,0.008626,0
721163133,0.002363,0
710595783,0.004912,0
714781908,0.000315,0
709618308,0.007886,0
713971608,0.000609,0
718020408,0.002498,0
716513358,0.00294,0
710401458,0.002674,0
712177908,0.000473,0
719216508,0.001252,0
711017433,0.002334,0
788386908,0.001059,0
710819733,0.99821,1
711978858,0.001643,0
807136758,0.976637,1
716138958,0.001167,0
713070033,0.00065,0
827055333,0.090932,0
827408058,0.0086,0
793608258,0.996995,1
717013383,0.001471,0
714320358,0.372032,1
716948283,0.000643,0
717657333,0.013049,0
788687133,0.001852,0
710736558,0.027752,0
708721533,0.012889,0
817108083,0.997997,1
719737833,0.00236,0
813967983,0.00122,0
771464808,0.000474,0
713025558,0.996538,1
779016408,0.00813,0
712096758,0.011109,0
789523683,0.001298,0
713177808,0.000244,0
718777008,0.072205,0
711004533,0.000416,0
720046458,0.00273,0
710453283,0.027449,0
708736608,0.995152,1
778908783,0.005433,0
716056158,0.998773,1
773257233,0.000723,0
711371208,0.000495,0
711831558,0.005625,0
712164333,0.979415,1
780126033,0.991172,1
821889858,0.997451,1
779656908,0.001143,0
766821033,0.95987,1
789196158,0.046509,0
714228558,0.001271,0
827360883,0.002362,0
712815858,0.012996,0
714533058,0.000109,0
790149483,0.000617,0
771584658,0.001089,0
814181433,0.003289,0
788761608,0.000823,0
709009833,0.001686,0
708244458,0.005404,0
797998158,0.001032,0
808279158,0.000384,0
804601833,0.011442,0
789690483,0.001197,0
819109308,0.000868,0
739317558,0.000236,0
721305408,0.00177,0
716535408,0.000318,0
719391783,0.00103,0
780602733,0.001924,0
789556533,0.000465,0
713422083,0.986995,1
721506708,0.000652,0
715774833,0.005312,0
714962658,0.999691,1
783561558,0.000654,0
826709658,0.997755,1
790017858,0.013163,0
712319958,0.006243,0
717483558,0.00034,0
713985183,0.0018,0
708404883,0.046799,0
717208833,0.914619,1
816091608,0.000187,0
709087983,0.000601,0
710763783,0.000652,0
719018208,0.961866,1
713976258,0.002794,0
709554483,0.000806,0
794485158,0.00156,0
718795083,0.000432,0
826451433,0.000446,0
826717533,0.000367,0
715294083,0.708807,1
779187783,0.000449,0
719513733,0.001267,0
709816158,0.123071,0
711720408,0.001786,0
714960408,0.99939,1
770746908,0.001586,0
716101308,0.004664,0
809825358,0.001137,0
719826333,0.001172,0
710207208,0.001863,0
720128658,0.996623,1
780727833,0.017066,0
802247658,0.862258,1
717787533,0.068345,0
721115733,0.008389,0
709446783,0.010899,0
784719708,0.005649,0
718570158,0.028457,0
709965858,0.001927,0
757594083,0.001646,0
789599283,0.004681,0
718947558,0.001806,0
721147383,0.000666,0
720683958,0.022966,0
780657708,0.013482,0
713935533,0.002644,0
713948808,0.003595,0
715406658,0.993824,1
772640808,0.002097,0
708496833,0.992363,1
804847308,0.000818,0
716931183,6.8e-05,0
714030183,0.01926,0
809296308,0.000774,0
708358683,0.000633,0
794664183,0.000486,0
712475733,0.244253,1
708770883,0.00404,0
821339433,0.00048,0
709206333,0.984011,1
806914158,0.999516,1
709607733,0.000352,0
712843983,0.871391,1
780511683,0.983444,1
709161108,0.840798,1
708272808,0.001398,0
708680583,0.003529,0
708712833,0.003581,0
711947358,0.000598,0
719634408,0.001949,0
718267233,0.01296,0
715479483,0.032753,0
711164508,0.000633,0
719294433,0.000884,0
714412308,0.993717,1
716434533,0.998875,1
719061933,0.005974,0
719091333,0.000571,0
716573058,0.99777,1
740784258,0.000726,0
711863433,0.000541,0
780529908,0.001174,0
715132758,0.002791,0
713934633,0.961173,1
827423433,0.002297,0
708385533,0.982432,1
789407958,0.000668,0
712589658,0.014502,0
714759708,0.003611,0
826068183,0.002084,0
709913733,0.02532,0
789744033,0.01883,0
710926383,0.000503,0
714052158,0.998424,1
714900408,0.305738,1
787532808,0.000123,0
802449933,0.004383,0
755996583,0.999441,1
709625733,0.00857,0
719686458,0.153571,0
708642708,0.999611,1
790082508,0.016657,0
713205108,0.000265,0
710838108,0.01246,0
714427608,0.000317,0
711655683,0.006111,0
826168083,0.000688,0
708553008,0.019939,0
719554758,0.028124,0
820383558,0.002489,0
817293258,0.000682,0
709275558,0.025577,0
816078708,0.000168,0
719490108,0.002869,0
710410158,0.949829,1
813961233,0.000296,0
714259533,0.001268,0
713550483,0.007348,0
719073483,0.91421,1
710428308,0.000957,0
779340183,0.005291,0
788820933,0.000127,0
798022683,0.991802,1
717273333,0.000479,0
713952558,0.73081,1
712545183,0.032262,0
789611283,0.002846,0
713339283,0.000968,0
721032633,0.998508,1
719953383,0.00136,0
712814658,0.000501,0
711764733,0.005844,0
715915458,0.011244,0
720712533,0.000899,0
709984083,0.00056,0
719268333,0.000847,0
790048158,0.001986,0
717856983,0.00373,0
715545933,0.000708,0
709861008,0.000399,0
712863183,0.001093,0
712423233,0.000352,0
711648708,0.002237,0
714864333,0.970511,1
788830683,0.002574,0
719358333,0.003382,0
789541458,0.000528,0
711589758,0.000641,0
711574008,0.006098,0
779548008,0.000985,0
801037833,0.001597,0
720924633,0.03149,0
718596858,0.012946,0
737967708,0.003492,0
798110358,0.028327,0
789582483,0.000327,0
710529708,0.006322,0
789526458,0.073887,0
711039633,0.003579,0
828294933,0.974042,1
720422358,0.001633,0
720252858,0.107313,0
788966958,0.001944,0
714435408,0.002692,0
713453733,0.002527,0
711208083,0.000178,0
721220583,0.001252,0
720205608,0.002601,0
789983133,0.002734,0
787581858,0.005001,0
708705783,0.988713,1
717234183,0.016113,0
808705758,0.000814,0
711183558,0.009293,0
812979408,0.998689,1
715354008,0.000702,0
721062408,0.045105,0
712410858,0.000601,0
779116158,0.009618,0
712866933,0.002691,0
710411358,0.998909,1
771881283,0.001906,0
715363908,0.177245,0
789560433,0.995094,1
709752183,0.003768,0
807161508,0.001516,0
708393633,0.033814,0
771886233,0.009793,0
716930133,0.007456,0
809937933,0.005284,0
816596583,0.008273,0
718803333,0.000825,0
795237183,0.02221,0
720419358,0.011555,0
719514783,0.000277,0
780374133,0.001646,0
810868758,0.001213,0
714286383,0.000205,0
708588408,0.004157,0
813338733,0.000124,0
788826408,0.000748,0
713134458,0.023269,0
716350008,0.000175,0
738062658,0.005883,0
709449333,8.4e-05,0
718665933,0.00361,0
748503708,0.001539,0
807141183,0.002372,0
766381908,0.000558,0
822112383,0.000784,0
709061658,0.00083,0
797166633,0.000237,0
789435783,0.001851,0
708266883,0.995936,1
716793108,0.005267,0
712253058,0.000277,0
716430933,0.000486,0
715746633,0.185492,0
714842208,0.000682,0
713879283,0.015405,0
778679883,0.005726,0
712110333,0.9993,1
720724008,0.000672,0
708387933,0.004453,0
712165308,0.00034,0
720283758,0.994241,1
708473133,0.002312,0
810493458,0.00083,0
711122958,0.998078,1
721502958,0.003984,0
715908558,0.002271,0
711594858,0.000877,0
789513858,0.995499,1
712795833,0.991337,1
719628033,0.006878,0
718282983,0.000168,0
714121983,0.006251,0
709791333,0.00234,0
779916408,0.000818,0
711657783,0.005488,0
780203883,0.00567,0
709367433,0.041128,0
736145283,0.002858,0
711516783,0.002502,0
712104333,0.007089,0
711116133,0.998098,1
712988958,0.001208,0
771201408,0.000117,0
712011633,0.000715,0
713579733,0.000752,0
796544133,0.001806,0
709272333,0.000966,0
715153158,0.002614,0
779342958,0.0031,0
810545733,0.001992,0
805453908,0.000769,0
817086783,0.001799,0
714943233,0.000633,0
789097833,0.000713,0
759584958,0.991265,1
708886533,0.000175,0
708761733,0.147708,0
711600033,0.003029,0
769935783,0.001971,0
717446208,0.000369,0
721121283,0.003457,0
819151083,0.000731,0
716470683,0.001431,0
779643858,0.006999,0
787665258,0.995997,1
787475433,0.001654,0
717448383,0.996721,1
710812533,0.997784,1
716461683,0.002679,0
814571058,0.000376,0
712071708,0.194242,0
720769533,0.001803,0
794581533,0.000303,0
715732533,0.993698,1
708286683,0.000288,0
708543258,0.003694,0
713809833,0.000506,0
793636308,0.001926,0
789095958,0.981504,1
757722708,0.000355,0
738627708,0.980608,1
820353558,0.006944,0
718739508,0.11549,0
788943333,0.977068,1
708397008,0.001408,0
711392508,0.025266,0
780653208,0.001388,0
710251608,0.023727,0
719354433,0.00058,0
710676483,0.005597,0
826414083,0.00107,0
720673008,0.012063,0
716736858,0.000284,0
715660308,0.99592,1
785387883,0.001515,0
721028283,0.001836,0
717797658,0.001068,0
712390683,0.077385,0
717965808,0.006788,0
721514883,0.000827,0
718477983,0.00085,0
719671383,0.003988,0
711191808,0.001749,0
708637758,0.001366,0
794675058,0.996084,1
720508233,0.818749,1
713094483,0.000808,0
780064983,0.000713,0
710155158,0.999233,1
710904708,0.001607,0
801715383,0.994994,1
806889633,0.002932,0
794831733,0.008901,0
712019883,0.002047,0
770956158,0.003756,0
778386033,0.047124,0
708147108,0.002247,0
710310108,0.002223,0
771982083,0.000533,0
714754533,0.000243,0
717626508,0.000317,0
718328283,0.000739,0
716739258,0.005249,0
714277758,0.047517,0
720210483,0.000659,0
720411183,0.000459,0
711379083,0.000232,0
798558783,0.000618,0
713363583,0.000621,0
720339558,0.016885,0
715008858,0.000265,0
779037408,0.006806,0
721513833,0.005986,0
714311583,0.003802,0
797414733,0.005311,0
716864733,0.001541,0
712924383,0.997685,1
719854008,0.089078,0
771630783,0.001402,0
771471708,0.006719,0
769463433,0.014906,0
711377808,0.00126,0
713133258,0.009587,0
718162908,0.160814,0
713257083,0.000403,0
772687983,0.000427,0
711535158,0.979143,1
799700208,0.000226,0
717177783,0.030403,0
711402333,0.007774,0
714304458,0.004167,0
713347608,0.995785,1
718303683,0.995006,1
714317058,0.000947,0
718152333,0.999321,1
716385033,0.000249,0
720674133,0.083611,0
719153433,0.000192,0
712765158,0.057698,0
713229633,0.987124,1
712256358,0.004506,0
717656433,0.002184,0
771081558,0.000465,0
710702733,0.042782,0
779612808,0.015532,0
713904708,0.001975,0
716546283,0.023065,0
711670308,0.010933,0
710856558,0.00043,0
713639958,0.002525,0
716987358,0.996792,1
720008133,0.001872,0
710084883,0.001375,0
816476658,0.96812,1
778486008,0.002113,0
769053033,0.994636,1
716171358,0.000928,0
772684833,0.030712,0
709485033,0.001981,0
713352183,0.003905,0
712557708,0.000359,0
821149008,0.993036,1
711816108,0.998658,1
712532058,0.001344,0
718811058,0.000318,0
713696808,0.997745,1
753233733,0.005007,0
717030633,0.00073,0
718320933,0.000134,0
714608583,0.998778,1
715942683,0.001455,0
771356508,0.001339,0
711326583,0.006109,0
714621183,0.002399,0
712805658,0.008602,0
808981608,0.000888,0
718337733,0.000337,0
715921758,0.000551,0
779803008,0.000157,0
717195933,0.999738,1
712562433,0.99773,1
769578108,0.005613,0
715442958,0.008401,0
708402333,0.000743,0
719334408,0.013735,0
788246958,0.000323,0
780336258,0.000791,0
772706283,0.000383,0
780684933,0.000168,0
712927383,0.999614,1
712820208,0.001128,0
721434483,0.010179,0
720659283,0.001873,0
716004258,0.000926,0
713111883,0.001022,0
772248408,0.073473,0
787492908,0.000126,0
718227033,0.001538,0
711320508,0.000518,0
718828083,0.001598,0
709823733,0.99468,1
772116408,0.000542,0
717355533,0.000188,0
715932708,0.001546,0
719679858,0.031633,0
772323033,0.001654,0
714168183,0.002252,0
710719683,0.000219,0
719876808,0.009752,0
778894233,0.000122,0
712881483,0.141505,0
789481233,0.992199,1
714767508,0.001446,0
789144633,0.015565,0
710635083,0.063413,0
711557508,0.000864,0
720650208,0.093607,0
810856833,0.0051,0
712828533,0.089685,0
714503433,0.996455,1
817245183,0.000389,0
709106358,0.021435,0
720179883,0.00209,0
816756783,0.014097,0
812501358,0.005242,0
717203958,0.001537,0
719661558,0.010004,0
716297658,0.051813,0
756065433,0.011686,0
717076458,0.001949,0
716586408,0.001313,0
719776608,0.005641,0
710268858,0.001745,0
719400108,0.000498,0
715398858,0.003186,0
717359208,0.000638,0
788595183,0.003257,0
772082208,0.000224,0
720770883,0.002155,0
716263533,0.000342,0
719848008,0.005346,0
717073308,0.04319,0
716277558,0.04131,0
712010358,0.997359,1
709319658,0.982722,1
794665608,0.002561,0
708997833,0.000705,0
717135333,0.000973,0
795784008,0.998665,1
711728208,0.000262,0
737925558,0.005238,0
719147208,0.00154,0
715941633,0.002735,0
714078558,0.995665,1
719453283,0.000767,0
794507133,0.988405,1
710790258,0.007025,0
755953308,0.004293,0
712710708,0.016787,0
717843783,0.018388,0
710297133,0.000233,0
716222808,0.00099,0
714069858,0.075989,0
787659483,0.002121,0
757167633,0.002179,0
717207408,0.000276,0
778224858,0.001014,0
709103358,0.001623,0
816829608,0.014736,0
719838558,0.000231,0
718161708,0.048578,0
717382608,0.000756,0
711762408,0.000529,0
811571733,0.024964,0
779403558,0.000326,0
718399233,0.033495,0
711343233,0.005482,0
779536233,0.003617,0
718893333,0.001879,0
716697708,0.998286,1
708788583,0.988316,1
713808633,0.000715,0
721210158,0.005259,0
789666333,0.001805,0
710872233,0.53078,1
780497958,0.001455,0
798047583,0.006932,0
817089408,0.000896,0
787472283,0.000165,0
801786483,0.001988,0
709040508,0.000404,0
709257708,0.00073,0
753118533,0.000956,0
812222208,0.061081,0
714187533,0.007392,0
789180933,0.000952,0
718140783,0.001494,0
713924283,0.889484,1
713236458,0.002633,0
816315558,0.001062,0
770135358,0.000611,0
714284358,0.000577,0
712965183,0.001191,0
713668158,0.88168,1
784819758,0.00038,0
712025958,0.00139,0
713653983,0.000349,0
712619808,0.001598,0
710086308,0.000135,0
711781233,0.001761,0
708254733,0.007006,0
788930358,0.001486,0
714361083,0.992266,1
713253858,0.996506,1
771020133,0.005704,0
719593608,0.999056,1
714407058,0.007116,0
721282908,0.003597,0
771507258,0.000866,0
716285358,0.000365,0
711985833,0.165096,0
717182883,0.002619,0
714618333,0.000369,0
709443633,0.001625,0
778180158,0.001358,0
713755458,0.998884,1
767269908,0.000498,0
778231983,0.000445,0
769911858,0.001059,0
711866358,0.000796,0
774437583,0.004789,0
711232608,0.996104,1
721315233,0.001391,0
713401758,0.000157,0
769438608,0.99847,1
713172408,0.007047,0
778425408,0.000523,0
718611333,0.000291,0
771400608,0.002103,0
719990358,0.001412,0
714250908,0.997618,1
715992558,0.001,0
713181558,0.014301,0
793597833,0.000535,0
816013383,0.994496,1
715518783,0.000298,0
779353083,0.264416,1
719881533,0.984573,1
792864858,0.024221,0
808681158,0.062248,0
717390408,0.961478,1
720551733,0.998197,1
772273983,0.999364,1
720648483,0.00622,0
721486908,0.002144,0
716657058,0.002304,0
713630733,0.014802,0
718586133,0.000754,0
717482658,0.000397,0
718503108,0.002861,0
714148758,0.019885,0
708902883,0.0061,0
771499233,0.00083,0
714113658,0.00057,0
713231658,0.034043,0
708319908,0.998263,1
715629783,0.00539,0
820587258,0.00464,0
771852483,0.00609,0
712578933,0.996963,1
711263058,0.000561,0
779405133,0.001412,0
716094333,0.001095,0
778837083,0.985325,1
712434708,0.999132,1
771431133,0.002509,0
709716258,0.00139,0
710464683,0.00252,0
787543008,0.000779,0
709363383,0.009109,0
817988433,0.003287,0
717189183,0.002185,0
710854008,0.055007,0
714531108,0.024043,0
778420383,0.002116,0
809068983,0.007069,0
713131158,0.987073,1
709649958,0.989511,1
754886958,0.002824,0
713476758,0.000631,0
709473708,0.003167,0
708190158,0.976168,1
719813058,0.000485,0
708158133,0.994213,1
815826708,0.000395,0
712682583,0.002374,0
714917583,0.0015,0
711577458,0.00658,0
717623583,0.00081,0
708899283,0.080434,0
720249183,0.000674,0
718653333,0.997826,1
721424583,0.001863,0
708451233,0.001931,0
788122533,0.174077,0
708298233,0.970178,1
711935283,0.996912,1
769892058,0.000672,0
717954333,0.001308,0
820108008,0.000901,0
712840608,0.002342,0
817240833,0.002472,0
771051783,0.00577,0
779895108,0.005674,0
714811533,0.016479,0
714945708,0.972502,1
712925808,0.997316,1
712302783,0.001428,0
710725383,0.002207,0
708710283,0.000719,0
708382083,0.020667,0
767404083,0.998465,1
773297508,0.034866,0
717478983,0.036423,0
709679658,0.000443,0
721427358,0.999318,1
718178583,0.000804,0
718489608,0.013248,0
721349883,0.076272,0
787505133,0.978064,1
711521958,0.000341,0
708271833,0.008018,0
711242058,0.995972,1
718524783,0.998993,1
715050408,0.003687,0
757527033,0.010956,0
717580458,0.98164,1
714938733,0.999005,1
719170683,0.000954,0
715347783,0.028416,0
790108908,0.001351,0
789218433,0.008399,0
789469083,0.003895,0
715797783,0.001972,0
713761608,0.001621,0
771669183,0.000405,0
779521533,0.001074,0
715554708,0.003834,0
767687208,0.000212,0
708655983,0.068561,0
720729108,0.002352,0
708722583,0.002653,0
715371108,0.994417,1
797238108,0.000545,0
718640508,0.024415,0
709487058,0.000789,0
712948383,0.00214,0
708469533,0.007699,0
709104333,0.015231,0
755420433,0.021094,0
718996758,0.022999,0
719445633,0.00072,0
709231683,0.006456,0
708846183,0.000284,0
826723308,0.000206,0
710825658,0.001764,0
796931508,0.999189,1
808753758,0.000301,0
789494133,0.016786,0
816312633,0.030276,0
720029508,0.00301,0
714971583,0.001657,0
789325008,0.001094,0
713287608,0.002628,0
754872333,0.00618,0
713573508,0.999161,1
718875483,0.000302,0
780237033,0.023588,0
710363433,0.005384,0
795232683,0.000209,0
719577258,0.998248,1
717400533,0.011421,0
713047608,0.989315,1
716645883,0.000404,0
709707033,0.997156,1
711112683,0.025899,0
799723908,0.004827,0
712290258,0.000446,0
710462433,0.003525,0
812446158,0.003674,0
788741733,0.00027,0
780201633,0.989451,1
713656308,0.044391,0
710749458,0.002955,0
817142433,0.00132,0
789491058,0.046573,0
812488608,0.00332,0
710563458,0.000299,0
716013858,0.002452,0
717890583,0.000526,0
789540108,0.000552,0
708753633,0.002012,0
772776033,0.004287,0
751283658,0.000399,0
711237633,0.99643,1
817197333,0.078966,0
718737708,0.003382,0
710507733,0.000773,0
712979133,0.884458,1
717975333,0.003606,0
787563858,0.000279,0
779442783,0.000225,0
720608658,0.001843,0
714524583,0.998734,1
713580633,0.003749,0
712214283,0.000124,0
720190083,0.999209,1
718394658,0.001573,0
708615183,0.000476,0
827476983,0.88723,1
803335008,0.001144,0
711658758,0.001578,0
721232058,0.086515,0
809599158,0.99793,1
717127083,0.00078,0
709243533,0.000464,0
711267633,0.999261,1
809849358,0.991334,1
720708183,0.000561,0
805259733,0.005172,0
712660308,0.983332,1
714296358,0.008812,0
823578483,0.001185,0
709749483,0.008148,0
715215108,0.004216,0
718415133,0.113059,0
710500983,0.994846,1
714970458,0.016161,0
708931908,0.000783,0
749571633,0.000394,0
801508383,0.000494,0
717185658,0.997724,1
812618883,0.002189,0
819002508,0.00107,0
710218233,0.011824,0
719344608,0.004195,0
718464258,0.046256,0
710512833,0.021664,0
718032483,0.00038,0
710159658,0.001752,0
715765758,0.001097,0
811700058,0.934311,1
806824908,0.000628,0
712428333,0.000348,0
710971908,0.001654,0
718011783,0.008816,0
721399833,0.000166,0
710975883,0.000995,0
712420833,0.00137,0
803115258,0.99768,1
721005108,0.000136,0
788610258,0.000327,0
716159958,0.000415,0
789231858,0.009421,0
719123958,0.99941,1
719337408,0.014339,0
779486433,0.001225,0
817337958,0.005029,0
712774908,0.024878,0
813234108,0.00107,0
792524358,0.000725,0
719282433,0.001362,0
720299283,0.000304,0
709479558,0.004879,0
716102583,0.003542,0
713733633,0.783013,1
795155433,0.000338,0
711783483,0.000776,0
721532583,0.760866,1
714753258,0.002751,0
721055058,0.00164,0
720510333,0.00057,0
718146258,0.06364,0
715664808,0.997019,1
719964933,0.000426,0
709173108,0.997339,1
719722308,0.001592,0
719666283,0.001335,0
780006783,0.99803,1
715601808,0.001905,0
769720683,0.002418,0
765692658,0.000916,0
717819633,0.000355,0
718699683,0.000966,0
797169633,0.000697,0
710636208,0.000792,0
709309308,0.998851,1
819690933,0.00095,0
711615933,0.003463,0
714933783,0.004089,0
778643733,0.995707,1
712867983,0.073812,0
718939083,0.99458,1
713512308,0.915651,1
790123983,0.000832,0
711153783,0.000571,0
744483633,0.004004,0
719971458,0.00011,0
716506083,0.995676,1
716329383,0.998489,1
719719158,0.001077,0
716107158,0.905956,1
714477408,0.941341,1
773146383,0.189387,0
708635058,0.000182,0
803421108,0.001919,0
716210283,0.000534,0
711315783,0.023619,0
712489158,0.008916,0
718576908,0.000522,0
753208833,0.04972,0
798546408,0.003263,0
827114058,0.000472,0
771453033,0.022717,0
718452633,0.998223,1
718026858,0.000887,0
721181883,0.016333,0
717609633,0.004405,0
710927733,0.028227,0
711551958,0.998717,1
716365233,0.003575,0
783121008,0.000406,0
716780283,0.004042,0
718471758,0.00176,0
756571983,0.015176,0
714700158,0.001773,0
794191008,0.000287,0
711000933,0.000498,0
789025083,0.001299,0
717074283,0.993357,1
714243408,0.002851,0
716462658,0.043834,0
719944458,0.00017,0
718866633,0.000625,0
714247458,0.000337,0
783910008,0.001179,0
714294183,0.99878,1
789530208,0.009653,0
714389058,0.001372,0
772661808,0.000114,0
710135058,0.010066,0
716805408,0.000149,0
789304983,0.005986,0
743912958,0.001357,0
715311183,0.000261,0
720264783,0.007206,0
788771733,0.000226,0
711724083,0.951958,1
717628608,0.006834,0
712319058,0.001818,0
772231233,0.018126,0
715315008,0.00368,0
778853358,0.01487,0
714581358,0.998994,1
710810883,0.00199,0
709879458,0.002141,0
811970808,0.005306,0
720015183,0.000265,0
708907833,0.00038,0
826261008,0.998356,1
794682483,0.015157,0
708098133,0.004291,0
711069483,0.010829,0
709537683,0.963638,1
710770383,0.024522,0
809811858,0.995165,1
772216833,0.001421,0
717830583,0.000727,0
713779908,0.000571,0
712507758,0.000576,0
716093133,0.012875,0
817382958,0.002527,0
714400308,0.000398,0
789466008,0.000528,0
710289783,0.981489,1
712659408,0.000287,0
788791383,0.000944,0
709822008,0.014767,0
816615633,0.030897,0
718521258,0.030184,0
713533983,0.010792,0
709444983,0.996643,1
717405408,0.000594,0
753226158,0.000892,0
780384483,0.995544,1
720096558,0.013669,0
778567983,0.000384,0
711649908,0.000172,0
718038483,0.000417,0
719519058,0.998306,1
770985633,0.00221,0
713600958,0.033024,0
719801508,0.000154,0
713686008,0.004112,0
720401658,0.980028,1
715572783,0.002382,0
817908783,0.00065,0
712361583,0.002285,0
709108533,0.000416,0
718490658,0.007365,0
790006383,0.013326,0
710744433,0.002203,0
780865308,0.001966,0
716643033,0.999316,1
789241308,0.9978,1
721344858,0.071145,0
717050883,0.008342,0
788979258,0.000838,0
719125158,0.008248,0
709545333,0.000917,0
721165608,0.000494,0
714652383,0.001084,0
737921733,0.576932,1
804428958,0.002028,0
720075558,0.008699,0
769676358,0.000176,0
716378658,0.012145,0
714479358,0.951246,1
712141683,0.004991,0
710005683,0.000734,0
721228308,0.999591,1
758833758,0.345773,1
787565433,0.014951,0
780253533,0.00576,0
714595983,0.999655,1
709547658,0.998884,1
711801933,0.99815,1
715808808,0.001193,0
711294258,0.001765,0
708542283,0.006982,0
787514433,0.000951,0
779773533,0.002522,0
807964908,0.000525,0
757753083,0.005224,0
779331558,0.002198,0
799026633,0.004936,0
719898108,0.001221,0
711252258,0.004703,0
719724933,0.000323,0
715413483,0.000911,0
751518633,0.977885,1
742552683,0.000539,0
756598833,0.002049,0
794562783,0.004743,0
779942808,0.00748,0
789151983,0.00079,0
779598183,0.000734,0
720714933,0.000593,0
708536283,0.994799,1
714548733,0.007618,0
713796033,0.967113,1
770817783,0.006285,0
716032233,0.002234,0
719806233,0.000938,0
712835433,0.010806,0
713975433,0.000512,0
715076358,0.96685,1
720731808,0.982885,1
714616308,0.001778,0
717502083,0.968759,1
789362058,0.005825,0
794530608,0.002446,0
709007883,0.000736,0
709219533,0.002948,0
787723758,0.000441,0
710968008,0.001239,0
780638958,0.000352,0
716951658,0.039338,0
715956258,0.010356,0
785119833,0.041485,0
710723958,0.00245,0
714011358,0.002757,0
717724233,0.001585,0
754671558,0.096978,0
794514108,0.003643,0
719385558,0.026485,0
712637283,0.015124,0
714222183,0.001744,0
709175208,0.002871,0
717112533,0.009668,0
714426783,0.003977,0
721448283,0.9992,1
782548758,0.015588,0
717561108,0.000434,0
720585183,0.013902,0
714643983,0.000503,0
712291308,0.001349,0
713036208,0.000547,0
709979583,0.002371,0
717517758,0.016632,0
717271983,0.000356,0
718528008,0.000437,0
719118708,0.997465,1
708657033,0.001302,0
717489033,0.953764,1
818926833,0.123753,0
708338958,0.007828,0
827683383,0.00092,0
717099408,0.001477,0
716878533,0.007862,0
797410983,0.014422,0
789625383,0.002487,0
709701558,0.010223,0
708334158,0.000747,0
710638233,0.988225,1
794496033,0.000582,0
709738008,0.00019,0
808756458,0.000677,0
710982858,0.000569,0
718451133,0.002421,0
717991533,0.000219,0
713104458,0.996336,1
715783758,0.000327,0
716891583,0.002262,0
714557583,0.049001,0
714840858,0.001577,0
788911458,0.000679,0
712521783,0.006904,0
716756133,0.002072,0
793550958,0.040813,0
768687183,0.003904,0
778170633,0.000118,0
789307833,0.008401,0
718291233,0.002286,0
718984533,0.000424,0
794293908,0.007509,0
708829758,0.024957,0
717016833,0.002471,0
711339258,0.000655,0
708754833,0.003368,0
716773533,0.00192,0
788896983,0.017705,0
715694433,0.000505,0
708403308,0.002454,0
715511658,0.000504,0
717327783,0.00099,0
717384183,0.018703,0
818929158,0.001927,0
789539058,0.002724,0
718357458,0.004425,0
709530408,0.00172,0
826245858,0.989429,1
716800908,0.007009,0
714425283,0.000331,0
718345233,0.568212,1
713128833,0.011426,0
769577358,0.000417,0
758824608,0.000902,0
716742483,0.007061,0
710905908,0.001,0
712902483,0.000383,0
772105608,0.010331,0
809951133,0.87831,1
710015733,0.993375,1
716893683,0.993619,1
788808633,0.012393,0
714100008,0.995842,1
717211608,0.001122,0
711008508,0.00036,0
712899333,0.084866,0
714091983,0.001472,0
802878408,0.019567,0
715958583,0.000641,0
716142858,0.004679,0
720449208,0.000416,0
739021908,0.000787,0
817035108,0.00191,0
718957083,0.000239,0
712084383,0.002077,0
771952683,0.001989,0
719782458,0.00083,0
721164483,0.00137,0
806989008,0.000366,0
709624533,0.00128,0
710570058,0.986994,1
713114133,0.996942,1
771224358,0.003967,0
809440008,0.999344,1
785515533,0.019766,0
713709258,0.001583,0
708104658,0.060472,0
817958733,0.002794,0
721183983,0.002374,0
810220833,0.001875,0
713373708,0.999055,1
715710708,0.000151,0
717443658,0.006003,0
717915783,0.987889,1
779217333,0.000602,0
710794983,0.001425,0
795855258,0.008716,0
788719533,0.341384,1
720782658,0.000242,0
720034983,0.060932,0
713536158,0.000457,0
755262933,0.0055,0
719136183,0.001278,0
715898058,0.000751,0
716315508,0.995745,1
788667408,0.076416,0
768949983,0.012131,0
778882758,0.001276,0
709465758,0.003341,0
719781183,0.012376,0
720101658,0.047721,0
713782608,0.000535,0
802101858,0.06072,0
708757233,0.000438,0
709711758,0.995727,1
772000533,0.003081,0
720827133,0.999409,1
789903708,0.000752,0
719855958,0.011623,0
713254983,0.00574,0
709120008,0.047922,0
720927183,0.019212,0
716875083,0.007728,0
716988633,0.000601,0
711553308,0.000664,0
788802483,0.00069,0
708908883,0.004379,0
712644483,0.001973,0
716311683,0.000526,0
779707308,0.037442,0
720595083,0.018934,0
715034358,0.00924,0
720897783,0.001708,0
826513233,0.015764,0
826065258,0.00044,0
772426383,0.000455,0
717972408,0.002832,0
708888633,0.999559,1
714916758,0.000795,0
710888883,0.003841,0
717296808,0.00205,0
713847858,0.983358,1
768728508,0.002141,0
762020133,0.999492,1
710706558,0.238082,1
709278258,0.969154,1
710679933,0.924527,1
713152383,0.006402,0
771429408,0.001409,0
770721858,0.001138,0
778686408,0.023937,0
771682533,0.002529,0
712378983,0.924011,1
714615258,0.997479,1
713027058,0.997852,1
789485433,0.000201,0
716368008,0.897167,1
771935283,0.005294,0
779315508,0.993269,1
794843883,0.022886,0
822084333,0.9947,1
714893733,0.002219,0
719474583,0.096978,0
717141858,0.002174,0
712714008,0.000538,0
719570733,0.007006,0
720980958,0.013316,0
720964683,0.008413,0
718263108,0.962194,1
789101883,0.000777,0
809292483,0.054225,0
778973658,0.001181,0
708560733,0.001492,0
721171008,0.016246,0
781297983,0.012312,0
778228458,0.054564,0
797668983,0.00102,0
713492583,0.998599,1
715799808,0.997803,1
711647808,0.000763,0
720840108,0.005588,0
711349083,0.032308,0
721247883,0.000871,0
720497958,0.049717,0
719466558,0.003717,0
753220383,0.999125,1
757481283,0.001946,0
778506633,0.998852,1
819634233,0.999032,1
753795633,0.992593,1
715435758,0.000299,0
772063308,0.001256,0
718205283,0.00048,0
720863133,0.000622,0
709288383,0.000234,0
709213458,0.999166,1
708670608,0.001827,0
709150608,0.203311,0
713105508,0.077158,0
716303583,0.00262,0
787669233,0.000274,0
771488583,0.003963,0
708269583,0.002502,0
779809908,0.000294,0
720973833,0.003267,0
720236433,0.002204,0
717895833,0.00065,0
718921683,0.000456,0
713828208,0.020614,0
779241783,0.010622,0
797241108,0.000343,0
716635758,0.003135,0
714536208,0.005633,0
709372608,0.000318,0
769574883,0.326733,1
718286658,0.000212,0
714839808,0.005085,0
718342158,0.975567,1
778573233,0.001226,0
715680933,0.020739,0
708396033,0.000255,0
713356833,0.002643,0
814593858,0.007478,0
771592458,0.000281,0
827631483,0.010805,0
811721133,0.006679,0
720443358,0.000214,0
709477233,0.000171,0
711942783,0.005464,0
768848658,0.000482,0
788772708,0.001583,0
717109983,0.000507,0
712128258,0.05882,0
720621408,0.042814,0
710295858,0.001097,0
714647808,0.001395,0
712374708,0.000359,0
715547058,0.998277,1
720539583,0.004204,0
712952283,0.000168,0
710475408,0.011753,0
715007583,0.004032,0
713061558,0.10597,0
772288758,0.000728,0
713977308,0.00011,0
801064833,0.001453,0
708129933,0.00101,0
789167658,0.048673,0
720286908,0.002044,0
716565258,0.04785,0
708564858,0.997889,1
778895883,0.001187,0
709410033,0.001071,0
710745633,0.00048,0
709008708,0.001399,0
714738858,0.000592,0
713639058,0.998996,1
719739108,0.008462,0
826079508,0.000673,0
710795883,0.000486,0
710404533,0.000712,0
719359458,0.00121,0
821837958,0.003414,0
710691633,0.000621,0
779296908,0.129186,0
710797833,0.001669,0
804337233,0.000414,0
713823033,0.999533,1
720076458,0.001559,0
809818008,0.010412,0
717376758,0.001055,0
795844983,0.000302,0
789368658,0.026022,0
720462633,0.000776,0
708938508,0.001864,0
709560258,0.988278,1
717513933,0.001044,0
711113958,0.003923,0
713995233,0.000469,0
717906783,0.05483,0
716516208,0.002525,0
756658083,0.013453,0
718692258,0.008538,0
719816583,0.985022,1
787578183,8.7e-05,0
788699808,0.18469,0
809320908,0.007125,0
789942033,0.983748,1
714006333,0.962587,1
710813733,0.005512,0
711679533,0.027074,0
709212183,0.054372,0
807523008,0.001666,0
787480158,0.000929,0
711272058,0.004675,0
720033033,0.001433,0
794124708,0.001163,0
790164408,0.014874,0
714831033,0.009055,0
718731183,0.998125,1
827888433,0.00042,0
711992133,0.003552,0
711809283,0.036322,0
714574083,0.071965,0
769189083,0.001822,0
711968358,0.000665,0
711750183,0.017251,0
716511483,0.000855,0
800869758,0.000264,0
715235808,0.000955,0
714199983,9.7e-05,0
718540308,0.000512,0
716460933,0.003362,0
780277458,0.000218,0
798011733,0.000565,0
714046608,0.0073,0
713396358,0.005233,0
714005508,0.003874,0
717444558,0.001979,0
713905608,0.00305,0
711126483,0.006332,0
714602658,0.995893,1
716019333,0.000197,0
714869958,0.000204,0
778459833,0.00147,0
789309558,0.087955,0
756736008,0.009716,0
779883933,0.000958,0
709343433,0.001572,0
806908608,0.001518,0
720521808,0.028415,0
709523508,0.002272,0
708373083,0.934355,1
713325108,0.001068,0
819214233,0.015207,0
713188383,0.011665,0
770778108,0.002674,0
716610558,0.016123,0
715174158,0.002228,0
779608083,0.00114,0
780200208,0.004991,0
718675158,0.997957,1
817977933,0.993769,1
755273658,0.00388,0
715022133,0.006708,0
719804208,0.000172,0
780056733,0.00066,0
780373233,0.001923,0
817188408,0.006702,0
772073508,0.998528,1
803805483,0.000284,0
717823383,0.001007,0
789907533,0.992949,1
788259558,0.004371,0
815515158,0.00029,0
713884458,0.013876,0
789717708,0.001693,0
708160008,0.000319,0
708702258,0.989593,1
789023508,0.00109,0
719265108,0.003462,0
813213558,0.001383,0
802460433,0.999767,1
717995958,0.000644,0
710697408,0.001532,0
805458933,0.000389,0
713850783,0.006894,0
713876958,0.000899,0
718926258,0.002038,0
717585858,0.037168,0
710303208,0.003771,0
770647233,0.002396,0
715459158,0.000416,0
789185508,0.000864,0
779305008,0.012249,0
713343333,0.00129,0
749067633,0.012633,0
811713408,0.000581,0
789990333,0.053965,0
788770908,0.050196,0
709411383,0.009136,0
708361833,0.002007,0
712801758,0.000877,0
721179708,0.000353,0
708511983,0.000345,0
711388458,0.005495,0
720486408,0.004449,0
709157133,0.001505,0
712240083,0.996043,1
782802033,0.996864,1
712091433,0.017168,0
720494058,0.000497,0
710277183,0.000462,0
789804933,0.000197,0
719022558,0.000456,0
714573258,0.006816,0
709919283,0.000842,0
716481408,0.002923,0
719038008,0.023992,0
793456983,0.000736,0
720597108,0.995456,1
715233108,0.002512,0
709220583,0.028185,0
779324358,0.189163,0
712112733,0.002694,0
714443058,0.998609,1
711109908,0.002623,0
717464958,0.00225,0
713701533,0.001479,0
772565883,0.000271,0
758765808,0.424058,1
716851908,0.013504,0
721500108,0.000609,0
820268358,0.000291,0
717171408,0.013963,0
713567958,0.001736,0
716512383,0.008367,0
713008308,0.005858,0
780942633,0.006022,0
716249508,0.000493,0
714909108,0.01015,0
778708533,0.998263,1
772725408,0.001006,0
709534083,0.998261,1
817144458,0.000656,0
807157833,0.001096,0
716371308,0.012795,0
716332533,0.002022,0
716924958,0.998686,1
720904233,0.006147,0
711964533,0.005029,0
788715483,0.000342,0
788832033,0.001635,0
716022258,0.99686,1
712208658,0.001417,0
710482533,0.001301,0
717661908,0.000832,0
720254883,0.055339,0
719532108,0.020817,0
779610033,0.996852,1
819977058,0.000232,0
772202058,0.002113,0
717658758,0.001362,0
720467583,0.000149,0
713314533,0.990916,1
719318583,0.987542,1
789122808,0.980426,1
708525108,0.000122,0
779662308,0.000541,0
717180633,0.005133,0
713000058,0.076971,0
709747308,0.002771,0
712235433,0.992688,1
712405908,0.000641,0
778885158,0.00055,0
789143283,0.000897,0
721233033,0.98897,1
718486608,0.000507,0
713249883,0.000348,0
797743233,0.000389,0
778346283,0.021831,0
721113333,0.002216,0
720707283,0.010143,0
788997408,0.00967,0
710456658,0.001035,0
808796208,0.000375,0
713685033,0.995065,1
788912658,0.00245,0
712157958,0.990547,1
711148308,0.000875,0
719117433,0.005422,0
